{
  "accuracy": 0.4632352941176471,
  "balanced_accuracy": 0.3952245215731579,
  "macro_f1": 0.27253818693369797,
  "weighted_f1": 0.4003929208952647,
  "n_train": 6415,
  "n_test": 1632,
  "n_empresas_train": 296,
  "n_empresas_test": 75
}