{
  "accuracy": 0.4800354924578527,
  "balanced_accuracy": 0.3880886289331873,
  "macro_f1": 0.3552552112317867,
  "weighted_f1": 0.5272803214806385
}