{
  "accuracy": 0.7992874109263658,
  "balanced_accuracy": 0.35926441582550184,
  "macro_f1": 0.3511483082781326,
  "weighted_f1": 0.7401277823247797,
  "n_train": 3377,
  "n_test": 842,
  "n_groups_train": 591,
  "n_groups_test": 148
}