{
  "accuracy": 0.2923076923076923,
  "balanced_accuracy": 0.23315412186379927,
  "macro_f1": 0.2261467086834734,
  "weighted_f1": 0.31369855634561516
}