{
  "modelo": "logreg",
  "f1": 0.3563386051656353,
  "roc_auc": 0.49974060690428435,
  "pr_auc": 0.3100208667902513,
  "tiempo_seg": 473.4831805229187,
  "folds": 5
}